[
  {
    "id": 1,
    "name": "David Hunter",
    "review": "Great choice of colours, helpful team in wilmslow Paint arrived safely and quick..This is Used to do something Similar",
    "rating": 4.5,
    "date": "6 days ago"
  },
  {
    "id": 2,
    "name": "Manager Kwaatd",
    "review": "Colour consultancy proved to be brilliant choice, 100% matched the colour.Paint arrived safely and quick",
    "rating": 5,
    "date": "October 4"
  },
  {
    "id": 3,
    "name": "Lindsay Russell",
    "review": "I worked with Heidi Noriko from the Berkeley showroom on a color",
    "rating": 4,
    "date": "October 1"
  },
  {
    "id": 4,
    "name": "Lisa Potter",
    "review": "Brilliant customer service, a friend's friend started working for you",
    "rating": 5,
    "date": "September 27"
  },
  {
    "id": 5,
    "name": "James Walker",
    "review": "The team was extremely knowledgeable and provided great assistance with my project.",
    "rating": 4.8,
    "date": "October 12"
  }
]
